ID,Start Date,End Date,IP Address,Progress,Duration (seconds),Finished,Recorded Date,Location Latitude,Location Longitude,Age,Gender,Country of Origin,English First Language,Student,Treated,Do you use emojis?,"Copy the top 5 countries and their percentages in the blank below (for convenience, copy and paste is okay):",Which type of emojis do you use more often?,Do you think you use emojis more than the average person (1 emoji per 10 messages)?,"Please read this conversation between Leon Stefan, Bo Seong-Min, and Justino Tadeo that occurred on 4/14/21:
 Do you find the emojis effective at conveying their emotions?","Copy the date and the names of the people in the conversation below (for convenience, copy and paste is okay):",Do you ever use the emojis listed above?,What do you think the use of the eyes emojis mean?,"Emoji Use by Country

Which country uses emojis the most?",What was the highest percentage of emoji use exhibited in the study?,"Emoji Dialogue

Who was in the lunch conversation?",When did the food conversation happen?,Q1-Score,Q2-Score,Q3-Score,Q4-Score,Total Correct,"On a scale of 1-5 with 5 being the hardest and 1 being the easiest, how difficult did you find the survey questions?","When instructed to copy down names/dates/etc., did you copy and paste or type?"
1,44300.6235,44300.62551,71.235.192.14,100,174,1,44300.62551,42.42799377,-71.0617981,24,Man,China,No,Yes ,1,Yes ,"France (20%), Russia (11%), U.S. (9%), Mexico (8%), and Turkey (6%)",Happy ,No,Strongly Disagree,"Leon Stefan, Bo Seong-Min, and Justino Tadeo",Sometimes,lacks of confidence ,United States,Not sure,Bo Seong-Min,Not sure,0,0,1,0,1,3,CP
2,44300.64095,44300.64584,38.13.3.212,100,423,1,44300.64586,42.34640503,-71.09750366,25,Woman,Puerto Rico,No,Yes ,0,Yes ,"France (20%), Russia (11%), U.S(9%), Mexico(8%) and Turkey (6%)",Happy ,Yes,Agree,"4/14/21, Leon Stefan, Bo Seong-Min, and Justino Tadeo",Sometimes,"To represent sentiment, gestures, etc",France,20%,Leon Tadeo,4/14/2021,1,1,0,1,3,2,T
3,44300.70539,44300.7086,73.47.187.184,100,277,1,44300.7086,42.27960205,-71.12819672,23,Man,United States,Yes,Yes ,0,Yes ,"France(20%),Russia(11%),U.S(9%),Mexico(8%),Turkey(6%)",Happy ,No,Agree,"4/14/21 Leon Stefan, Bo Seong-Min,Justino Tadeo",Sometimes,I think people use the eyes emojis when you are prompting someone to answer a question.,France,20%,Bo Seong-Min,4/14/2021,1,1,1,1,4,1,T
4,44300.72412,44300.7306,38.13.2.205,100,559,1,44300.7306,42.36489868,-71.09870148,24,Man,Indonesia,Yes,Yes ,1,Yes ,"France (20%), Russia (11%), U.S. (9%), Mexico (8%), and Turkey (6%)",Happy ,No,Strongly Agree,"Leon Stefan, Bo Seong-Min, and Justino Tadeo; 4/14/21",Sometimes,"depends on context; I usually see it as investigating (i.e. ""looking into it"")",France,14%,Leon Tadeo,4/14/2021,1,0,0,1,2,2,CP
5,44300.75622,44300.75874,146.115.83.58,85,217,0,44300.80042,0,0,25,Woman,China,No,Yes ,1,Yes ,"France (20%), Russia (11%), U.S. (9%), Mexico (8%), and Turkey (6%)",Happy ,No,Strongly Agree,"Leon Stefan, Bo Seong-Min, and Justino Tadeo that occurred on 4/14/21",Sometimes,"Curious, ask for opinion",France,20%,#N/A,#N/A,1,1,#N/A,#N/A,#N/A,#N/A,#N/A
6,44300.87208,44300.87338,146.115.83.58,100,112,1,44300.87338,42.36340332,-71.07129669,25,Woman,China,No,Yes ,1,Yes ,"France (20%), Russia (11%), U.S. (9%), Mexico (8%), and Turkey (6%)",Happy ,No,Strongly Agree,"Leon Stefan, Bo Seong-Min, and Justino Tadeo that occurred on 4/14/21",Sometimes,"Curious, ask for opinion",France,20%,Bo Seong-Min,4/14/2021,1,1,1,1,4,3,CP
7,44301.38978,44301.39435,106.9.80.90,100,394,1,44301.39438,39.92849731,116.3850098,24,Man,China,No,Yes ,0,Yes ,FranceÔºà20%ÔºâRussiaÔºà11%ÔºâUSÔºà9%ÔºâMexicoÔºà8%ÔºâTurkeyÔºà6%Ôºâ,Happy ,No,Agree,4/14/21Leon Bo Justino,Sometimes,Saw it,France,20%,Bo Seong-Min,4/14/2021,1,1,1,1,4,3,T
8,44301.73868,44301.74495,188.166.179.151,63,541,0,44301.78664,0,0,26,Woman,China,No,Yes ,0,Yes ,"France20%, Russia 11%,US9%,Mexico8%,Turkey6%",Happy ,No,#N/A,0,#N/A,0,#N/A,#N/A,#N/A,#N/A,#N/A,#N/A,#N/A,#N/A,#N/A,#N/A,#N/A
9,44301.75552,44301.79516,73.100.145.217,100,3424,1,44301.79516,42.24630737,-70.99720001,25,Man,China,No,Yes ,0,Yes ,"France 20%, Russia 11%, U.S. 9%, Mexico 8%, Turkey 6%",Happy ,Yes,Strongly Agree,"4/14/21, Bo Seong-Ming, Leon Stefan, Justino Tadeo",All the time,It‚Äôs a good representation. I would interpret as looking for opinions.,France,20%,Bo Seong-Min,4/14/2021,1,1,1,1,4,3,T
10,44301.79381,44301.80929,188.166.179.151,100,1337,1,44301.80929,1.307800293,103.6817932,26,Woman,China,No,Yes ,0,Yes ,"France20%,Russia11%,US9%,Mexico8%,Turkey6%",Happy ,No,Strongly Agree,Leon Stefan4/14/21,Sometimes,Point out an advice,France,20%,Not sure,4/14/2021,1,1,0,1,3,3,CP
11,44301.8053,44301.81037,188.166.186.5,78,438,0,44301.85205,0,0,‰∫§ÊµÅ,Man,Ëß£ÂºÄ‰∫Ü,Yes,Yes ,1,No,Âçó‰∫¨Ôºå,Happy ,Yes,Agree,‰∫ÜÔºõ,All the time,Ôºå‰∫ÜÔºõ,#N/A,#N/A,#N/A,#N/A,#N/A,#N/A,#N/A,#N/A,#N/A,#N/A,#N/A
12,44302.21208,44302.21938,5.77.252.216,100,630,1,44302.21938,40.00079346,44.998703,25,Woman,Iran,No,Yes ,0,Yes ,"France (20%), Russia (11%), US(9%), Mexico(8%), Turkey(6%)",Happy ,No,Strongly Agree,"Leon, Justino, Bo",Sometimes,emojis help thee reader to understand better what the writer meant,France,20%,Leon Tadeo,4/14/2021,1,1,0,1,3,1,T
13,44301.79572,44302.38052,80.251.211.10,100,50527,1,44302.38052,34.05839539,-118.2779999,24,Man,CHINA,No,Yes ,0,Yes ,"France, Russia, US, Mexico Turkey",Happy ,Yes,Agree,"4/14/21, Leon Stefan, Bo Seong-Min, Justino Tadeo",Sometimes,"peek, suspicious ",France,20%,Bo Seong-Min,4/14/2021,1,1,1,1,4,2,T
14,44302.43872,44302.44293,24.11.43.193,100,364,1,44302.44294,40.78489685,-111.9337997,30,Woman,China,No,Yes ,0,Yes ,"France(20%),Russia(11%),U.S(9%),Mexico(8%),Turkey(6%)",Happy ,Yes,Strongly Agree,"4/14/21 Leon Stefan, Bo Seong-Min, Justino Tadeo",All the time,Looking for opinions from others,France,20%,Bo Seong-Min,4/14/2021,1,1,1,1,4,3,T
15,44302.44297,44302.44626,82.112.148.118,100,284,1,44302.44626,49.18049622,-2.097595215,30,Man,UK,Yes,No,1,Yes ,"France (20%), Russia (11%), U.S. (9%), Mexico (8%), and Turkey (6%)",Happy ,Yes,Agree,"Leon Stefan, Bo Seong-Min, and Justino Tadeo that occurred on 4/14/21",Sometimes,"It's like he's checking his friends for a positive reaction, like, ""what do you guys think?""",Not sure,Not sure,Justin Todeo,Not sure,0,0,0,0,0,4,CP
16,44302.44793,44302.45008,134.41.20.27,100,185,1,44302.45008,44.66430664,-63.60019684,18,Non-binary,Canada,Yes,Yes ,1,Yes ,"France (20%), Russia (11%), U.S. (9%), Mexico (8%), and Turkey (6%)",Happy ,Yes,Strongly Agree,"Leon Stefan, Bo Seong-Min, and Justino Tadeo that occurred on 4/14/21",Sometimes,"""What do you think""",France,20%,Bo Seong-Min,4/14/2021,1,1,1,1,4,3,CP
17,44302.4612,44302.46306,71.235.70.191,100,159,1,44302.46306,42.32679749,-71.13410187,28,Woman,0,Yes,Yes ,1,Yes ,"France (20%), Russia (11%), U.S. (9%), Mexico (8%), and Turkey (6%).",Happy ,Yes,Strongly Agree,"Leon Stefan, Bo Seong-Min, and Justino Tadeo that occurred on 4/14/21",All the time,Looking out,France,20%,Justin Todeo,4/14/2021,1,1,0,1,3,2,CP
18,44302.45088,44302.46642,209.93.86.118,100,1342,1,44302.46642,51.6013031,-2.118606567,36,Woman,UK,Yes,No,0,Yes ,"France 20%, Russia 11%, U.S. 9%, Mexico 8%, Turkey 6%",Happy ,Yes,Agree,"4/14/21 Leon Stefan, Bo Seong-Min, Justino Tadeo",Sometimes,Glancing back in a negative way/side eye,France,20%,Bo Seong-Min,Not sure,1,1,1,0,3,3,T
19,44302.47892,44302.48296,71.214.120.151,100,348,1,44302.48296,28.80639648,-81.88690186,17,Man,Ukraine,No,Yes ,0,No,"France (20%), Russia (11%), U.S. (9%), Mexico (8%), Turkey (6%)",Happy ,No,Agree,"4/14/21 Leon Stefan, Bo Seong-Min, Justino Tadeo",Sometimes,"Looking directly at the listener (to catch their attention) or at a specific thing (to show that you're concentrating on it); sometimes it's used as a ""peek"", e.g. when saying something weird or funny",France,20%,Bo Seong-Min,4/14/2021,1,1,1,1,4,3,T
20,44302.48119,44302.4842,45.78.114.130,100,259,1,44302.4842,44.38909912,-76.46320343,15,Woman,Canada,Yes,Yes ,0,Yes ,"France (20), Russia (11), US (9), Mexico (8), Turkey (6)",Happy ,No,Agree,"4/14/21. Leon Stefan, Bo Seong-Min, Justino Tadeo",Sometimes,"I have literally no idea, I never use it.",France,20%,Bo Seong-Min,4/14/2021,1,1,1,1,4,2,T
21,44302.48139,44302.48481,79.208.22.63,100,296,1,44302.48481,48.65530396,8.945800781,22,Woman,Germany,No,Yes ,1,Yes ,"France (20%), Russia (11%), U.S. (9%), Mexico (8%), and Turkey (6%)",Happy ,No,Agree,"Leon Stefan, Bo Seong-Min, and Justino Tadeo that occurred on 4/14/21",Sometimes,I have no idea,France,20%,Not sure,4/14/2021,1,1,0,1,3,2,CP
22,44302.487,44302.49141,187.183.14.152,100,380,1,44302.49141,-29.92280579,-51.1743927,20,Man,Brazil,No,Yes ,0,No,"France (20%), Russia (11%), U.S. (9%), Mexico (8%), Turkey (6%)",Angry,No,Agree,"4/14/21 Leon Stefan, Bo Seong-Min, Justino Tadeo",Never,To convey someone is interested in something,France,20%,Bo Seong-Min,4/14/2021,1,1,1,1,4,2,T
23,44302.45128,44302.45182,90.218.7.228,63,45,0,44302.49351,0,0,15,Woman,Wales,Yes,Yes ,1,Yes ,"France (20%), Russia (11%), U.S. (9%), Mexico (8%), and Turkey (6%)",Happy ,No,#N/A,0,#N/A,0,#N/A,#N/A,#N/A,#N/A,#N/A,#N/A,#N/A,#N/A,#N/A,#N/A,#N/A
24,44302.45745,44302.45954,73.68.14.250,63,179,0,44302.50126,0,0,70,Prefer not to say,-,Yes,Yes ,0,Yes ,france,Happy ,Yes,#N/A,0,#N/A,0,#N/A,#N/A,#N/A,#N/A,#N/A,#N/A,#N/A,#N/A,#N/A,#N/A,#N/A
25,44302.49939,44302.50264,209.6.76.55,100,280,1,44302.50264,42.34739685,-71.15820313,26,Woman,china,No,Yes ,1,Yes ,"France (20%), Russia (11%), U.S. (9%),  Mexico (8%), and Turkey (6%)",Happy ,Yes,Strongly Disagree,"4/14/21, Leon Stefan, Bo Seong-Min, and Justino Tadeo ",All the time,waiting for some answers,United States,14%,Leo Stefano,4/14/2021,0,0,0,1,1,4,CP
26,44302.46155,44302.46222,71.73.117.104,48,57,0,44302.5039,0,0,22,Man,United States,Yes,Yes ,not assigned,#N/A,#NAME?,#N/A,#N/A,#N/A,#NAME?,#N/A,#NAME?,#N/A,#N/A,#N/A,#N/A,#N/A,#N/A,#N/A,#N/A,#N/A,#N/A,#N/A
27,44302.50288,44302.50541,193.154.200.29,100,217,1,44302.50542,48.4058075,15.61689758,14,Non-binary,germany,Yes,Yes ,1,No," France (20%), Russia (11%), U.S. (9%), Mexico (8%), and Turkey (6%)",Sad,No,Disagree," Leon Stefan, Bo Seong-Min, and Justino Tadeo that occurred on 4/14/21",Never,looking ,France,20%,Bo Seong-Min,4/14/2021,1,1,1,1,4,2,CP
28,44302.50109,44302.50678,114.136.48.83,100,492,1,44302.50679,25.05039978,121.5324097,28,Man,Taiwan,No,Yes ,0,Yes ,"France (20%), Russia (11%), U.S. (9%), Mexico (8%), Turkey (6%)",Sad,No,Agree,"4/14/21, Leon Stefan, Bo Seong-Min, Justino Tadeo",Sometimes,Looking forward to someone‚Äôs feedback.,France,20%,Bo Seong-Min,4/14/2021,1,1,1,1,4,2,T
29,44302.50409,44302.50809,174.234.0.76,100,345,1,44302.50809,38.959198,-94.59609985,27,Woman,United States,Yes,No,0,Yes ,"France 20%, Russia 11%, US 9%, Mexico 8%, turkey 6%",Happy ,No,Agree,"4/14/21 Leon, Bo, Justino",Sometimes,"I only ever see it when my mom uses it to say ""eye"" love you",France,20%,Bo Seong-Min,4/14/2021,1,1,1,1,4,4,T
30,44302.50642,44302.51027,77.6.117.189,100,332,1,44302.51027,53.59919739,10.04359436,35,Man,Germany,No,No,0,Yes ,why? that seems like a pointless exercise,Happy ,Yes,Agree,fuck off,Sometimes,"curiousity, insecurity (will they like my suggestion?)",France,Not sure,Bo Seong-Min,4/14/2021,1,0,1,1,3,1,T
31,44302.50738,44302.51198,209.94.130.93,100,397,1,44302.51198,42.34739685,-71.15820313,25,Woman,China,No,Yes ,1,Yes ,"France (20%), Russia (11%), U.S. (9%), Mexico (8%), Turkey (6%)",Happy ,Yes,Agree,"Leon Stefan, Bo Seong-Min, and Justino Tadeo 4/14/21",Sometimes,take a look,Not sure,Not sure,Not sure,4/14/2021,0,0,0,1,1,4,CP
32,44302.51015,44302.51358,193.83.239.120,100,295,1,44302.51358,48.30740356,14.28500366,22,Woman,Austria,No,No,0,Yes ,"France 20%, Russia 11%, US 9%, Mexico 8%, Turkey 6%",Happy ,No,Agree,"Leon Stefan, Bo Seong-Min, Justin Tadeo 4/14/2021",All the time,"Conveying the emotion/facial expression they'd make irl, and exaggeration again to express the emotion",France,20%,Bo Seong-Min,4/14/2021,1,1,1,1,4,1,T
33,44302.51385,44302.51756,74.68.99.139,100,319,1,44302.51757,40.7960968,-73.95130157,31,Man,US,Yes,No,0,No,"France 20%, Russia 11%, US 9%, Mexico 8%, Turkey 6%",Happy ,No,Disagree,"4/14/21, Leon, Bo, Justino",Never,I have no idea.,France,20%,Leon Tadeo,4/14/2021,1,1,0,1,3,3,T
34,44302.51417,44302.51816,76.19.228.201,100,345,1,44302.51817,42.05220032,-70.1832962,25,Woman,United States,Yes,No,0,Yes ,France-20 Russia-11 U.S.-9 Mexico-8 Turkey-6,Happy ,Yes,Agree,"4/14/21 Leon Stefan, Bo Seong-Min Justino Tadeo",Sometimes,curiosity,France,20%,Bo Seong-Min,4/14/2021,1,1,1,1,4,1,T
35,44302.51763,44302.5194,80.60.50.156,100,153,1,44302.5194,52.19940186,5.37399292,19,Woman,The Netherlands,No,Yes ,1,Yes ,"France (20%), Russia (11%), U.S. (9%), Mexico (8%), and Turkey (6%)",Happy ,Yes,Strongly Agree,"Leon Stefan, Bo Seong-Min, and Justino Tadeo that occurred on 4/14/21",Sometimes,to persuade someone,France,20%,Bo Seong-Min,4/14/2021,1,1,1,1,4,1,CP
36,44302.52189,44302.52359,73.98.5.243,100,146,1,44302.52359,35.03729248,-106.6712036,0,Woman,USA,No,Yes ,1,Yes ,"France (20%), Russia (11%), U.S. (9%), Mexico (8%), and Turkey (6%)",Sad,Yes,Agree,"Leon Stefan, Bo Seong-Min, and Justino Tadeo",Sometimes,"Alert, peering, interested",Not sure,14%,Justin Todeo,4/14/2021,0,0,0,1,1,3,CP
37,44302.48513,44302.48594,62.224.252.186,63,70,0,44302.52762,0,0,21,Woman,Germany,No,Yes ,1,Yes ,"France (20%), Russia (11%), U.S. (9%), Mexico (8%), and Turkey (6%)",Angry,Yes,#N/A,0,#N/A,0,#N/A,#N/A,#N/A,#N/A,#N/A,#N/A,#N/A,#N/A,#N/A,#N/A,#N/A
38,44302.52543,44302.52902,64.145.65.11,100,309,1,44302.52902,32.7796936,-96.80220032,14,Man,USA live in Jordan rn,Yes,Yes ,0,No,France 20% russia (11%)US (9) mexico(8) turkey(6),Happy ,No,Strongly Agree,4/14/21 leon stefan. bo seong-min. justin tadeo. ,Sometimes,sort of like checking the other people responses ,France,20%,Bo Seong-Min,4/14/2021,1,1,1,1,4,2,T
39,44302.52477,44302.53146,24.2.200.31,100,577,1,44302.53146,42.34739685,-71.15820313,23,Woman,China,No,Yes ,1,Yes ,"France (20%), Russia (11%), U.S. (9%), Mexico (8%), and Turkey (6%).",Sad,Yes,Strongly Agree,"Leon Stefan, Bo Seong-Min, and Justino Tadeo",Sometimes,"No specific meaning, I only use to mitigate embarrassing situations",France,20%,Bo Seong-Min,4/14/2021,1,1,1,1,4,1,CP
40,44302.53987,44302.54144,173.24.117.110,100,134,1,44302.54144,41.64349365,-91.5684967,22,Woman,usa,Yes,Yes ,1,Yes ,"France (20%), Russia (11%), U.S. (9%), Mexico (8%), and Turkey (6%)",Happy ,Yes,Strongly Agree,"Leon Stefan, Bo Seong-Min, and Justino Tadeo that occurred on 4/14/21",Sometimes,I don‚Äôt know how to describe it in words but it‚Äôs like ‚Äúooooh‚Äù,France,Not sure,Not sure,4/14/2021,1,0,0,1,2,3,CP
41,44302.54619,44302.55138,82.170.214.150,100,448,1,44302.55138,52.53979492,5.450302124,24,Man,The Netherlands,No,Yes ,0,Yes ,"France (20%), Russia (11%), U.S. (9%), Mexico (8%), Turkey (6%)",Happy ,No,Agree,"4/14/2021 Leon Stefan, Bo Seong-Min, Justin Tadeo",Sometimes,Kinda optimistic about the idea he asked,France,20%,Bo Seong-Min,4/14/2021,1,1,1,1,4,4,T
42,44302.50813,44302.5103,73.242.64.252,63,187,0,44302.55197,0,0,18,Man,United States ,Yes,Yes ,1,Yes ,"France (20%), Russia (11%), U.S. (9%), Mexico (8%), and Turkey (6%)",Happy ,No,#N/A,0,#N/A,0,#N/A,#N/A,#N/A,#N/A,#N/A,#N/A,#N/A,#N/A,#N/A,#N/A,#N/A
43,44302.55366,44302.55786,24.61.185.137,100,363,1,44302.55787,42.373703,-71.12840271,23,Woman,USA,Yes,Yes ,0,Yes ,"France (20%), Russia (11%), US (9%), Mexico (8%), and Turkey (6%)",Happy ,Yes,Strongly Agree,"4/14/21 Leon Stefan, Bo Seong-Min, Justino Tadeo ",Sometimes,Like kind of excited about something or like I see you,France,14%,Justin Todeo,4/14/2021,1,0,0,1,2,3,T
44,44302.56887,44302.57108,73.68.14.250,100,191,1,44302.57108,42.37969971,-71.10340118,22,Woman,China,No,Yes ,0,Yes ,"France (20%), Russia(11%), U.S.(9%), Mexico(8%) and Turkey (6%) ",Happy ,Yes,Agree,"Leon Stefan, Bo Seong-Min and Justin Tadeo",Sometimes,Eyes ,Not sure,25%,Justin Todeo,4/14/2021,0,0,0,1,1,5,T
45,44302.57137,44302.57591,66.31.29.97,100,393,1,44302.57591,42.373703,-71.12840271,22,Non-binary,USA,Yes,Yes ,0,Yes ,"France (20%), Russia (11%), US(9%), Mexico (8%), Turkey (6%)",Happy ,No,Strongly Agree,"4/14/21 and Leon, Bo, and Justino",All the time,In the context here its asking everyone if they agree/ are down to get chipotle,France,14%,Bo Seong-Min,4/14/2021,1,0,1,1,3,1,T
46,44302.52161,44302.541,82.13.197.95,63,1675,0,44302.5827,0,0,18,Man,UK,Yes,Yes ,0,Yes ,"France (20%), Russia (11%), USA (9%), Mexico (8%), Turkey (6%)",Happy ,No,#N/A,0,#N/A,0,#N/A,#N/A,#N/A,#N/A,#N/A,#N/A,#N/A,#N/A,#N/A,#N/A,#N/A
47,44302.58334,44302.58542,144.178.5.138,100,178,1,44302.58542,40.71260071,-74.00659943,19,Woman,Singapore,Yes,Yes ,0,Yes ,France (20%) Russia (11%) us (9%) Mexico (8%) turkey (8%),Happy ,No,Agree,"4/14/21 leon, bo, justino, ",Sometimes,Trying to find out other people‚Äôs opinions or seeing if they agree,France,20%,Justin Todeo,4/14/2021,1,1,0,1,3,2,T
48,44302.58911,44302.59293,49.207.141.8,100,330,1,44302.59294,12.89959717,80.22088623,48,Woman,UK,Yes,No,0,Yes ,France Russia US Turkey,Happy ,Yes,Strongly Agree,44300,Sometimes,Interesting ,France,20%,Justin Todeo,4/14/2021,1,1,0,1,3,3,T
49,44302.55544,44302.56313,86.162.53.80,48,664,0,44302.6048,0,0,31,Woman,Uk,Yes,No,not assigned,#N/A,#NAME?,#N/A,#N/A,#N/A,#NAME?,#N/A,#NAME?,#N/A,#N/A,#N/A,#N/A,#N/A,#N/A,#N/A,#N/A,#N/A,#N/A,#N/A
50,44302.56962,44302.57041,96.242.148.186,48,67,0,44302.61207,0,0,20,Man,United States of America ,Yes,Yes ,not assigned,#N/A,#NAME?,#N/A,#N/A,#N/A,#NAME?,#N/A,#NAME?,#N/A,#N/A,#N/A,#N/A,#N/A,#N/A,#N/A,#N/A,#N/A,#N/A,#N/A
51,44302.611,44302.61301,185.87.119.103,100,173,1,44302.61301,51.90089417,4.494506836,23,Woman,Netherlands,No,Yes ,0,Yes ,"France 20, Russia 11, US 9, Mexico 8, Turkey 6",Happy ,Yes,Strongly Agree,4/14/21 Leon Bo Justino,Sometimes,*look at my awesome suggestion*,France,20%,Bo Seong-Min,4/14/2021,1,1,1,1,4,3,T
52,44302.5597,44302.58397,32.211.87.109,63,2097,0,44302.62564,0,0,24,Non-binary,USA,Yes,No,1,No,"France (20%), Russia (11%), U.S. (9%), Mexico (8%), and Turkey (6%)",Happy ,No,#N/A,0,#N/A,0,#N/A,#N/A,#N/A,#N/A,#N/A,#N/A,#N/A,#N/A,#N/A,#N/A,#N/A
53,44302.62966,44302.63306,37.115.206.63,100,293,1,44302.63306,50.51829529,30.50880432,34,Woman,Ukraine,No,No,0,No,"France (20%), Russia (11%), U.S. (9%), Mexico (8%), and Turkey (6%)",Happy ,No,Agree,"4/14/2021 Leon Stefan, Bo Seong-Ming, Justino Tadeo",Never,Attentiveness,France,20%,Bo Seong-Min,4/14/2021,1,1,1,1,4,2,T
54,44302.59508,44302.59528,213.147.167.191,48,17,0,44302.63697,0,0,27,Man,Taiwan,No,Yes ,not assigned,#N/A,#NAME?,#N/A,#N/A,#N/A,#NAME?,#N/A,#NAME?,#N/A,#N/A,#N/A,#N/A,#N/A,#N/A,#N/A,#N/A,#N/A,#N/A,#N/A
55,44302.63543,44302.63781,99.184.175.123,100,206,1,44302.63781,34.26699829,-80.59130096,29,Man,usa,Yes,No,0,Yes ,"france 20%, russia 11%, US 9%, Mexico 8%, Turkey 6%",Happy ,Yes,Strongly Agree,"4/14/21, leon stefan, bo seong-min, justino tadeo",Sometimes,excitement/interest,France,20%,Bo Seong-Min,4/14/2021,1,1,1,1,4,4,T
56,44302.59627,44302.59645,94.172.113.179,48,15,0,44302.63811,0,0,20,Woman,Poland,No,Yes ,not assigned,#N/A,#NAME?,#N/A,#N/A,#N/A,#NAME?,#N/A,#NAME?,#N/A,#N/A,#N/A,#N/A,#N/A,#N/A,#N/A,#N/A,#N/A,#N/A,#N/A
57,44302.63554,44302.63973,81.232.171.142,100,362,1,44302.63973,59.30979919,17.979599,20,Man,Sweden,No,Yes ,0,Yes ,"France 20, Russia 11, U.S 9, Mexico 8, Turkey 6",Happy ,No,Agree,4/14/21 Leon Bo Justin,Sometimes,They want to convey their emotions in text,France,20%,Not sure,4/14/2021,1,1,0,1,3,3,T
58,44302.63808,44302.64029,173.64.82.151,100,191,1,44302.64029,39.21240234,-76.87760162,28,Man,USA,No,Yes ,0,Yes ,"France (20%), Russia (11%), U.S. (9%), Mexico (8%), Turkey (6%)",Happy ,No,Agree,"4/14/21 Leon Stefan, Bo Seong-Min, Justino Tadeo",Sometimes,:X,France,20%,Bo Seong-Min,4/14/2021,1,1,1,1,4,1,T
59,44302.59683,44302.59977,185.2.145.137,78,254,0,44302.64144,0,0,24,Woman,Italy,No,Yes ,1,Yes ,"France (20%), Russia (11%), U.S. (9%), Mexico (8%), Turkey (6%)",Happy ,Yes,Agree,"4/14/21 - Leon Stefan, Bo Seong-Min, Justino Tadeo",Sometimes,I hope you agree with me,#N/A,#N/A,#N/A,#N/A,#N/A,#N/A,#N/A,#N/A,#N/A,#N/A,#N/A
60,44302.60042,44302.60241,185.2.145.137,93,171,0,44302.64407,0,0,24,Woman,Italy,No,Yes ,0,Yes ,"France (20%), Russia (11%), U.S. (9%), Mexico (8%), Turkey (6%)",Happy ,Yes,Agree,"4/14/21 - Leon Stefan, Bo Seong-Min, Justino Tadeo",Sometimes,I hope you agree with me,France,20%,Bo Seong-Min,4/14/2021,1,1,1,1,4,#N/A,#N/A
61,44302.65255,44302.65493,74.136.131.147,100,206,1,44302.65494,39.4940033,-80.2220993,21,Woman,USA ,Yes,Yes ,0,Yes ,"France (20%), russia (11%), USA (9%), Mexico (8%), turkey (6%)",Happy ,No,Agree,"4/14/21 Leon, no, Justino",Sometimes,Suspicious ,France,20%,Bo Seong-Min,4/14/2021,1,1,1,1,4,3,T
62,44302.6185,44302.62057,83.93.11.104,78,179,0,44302.66228,0,0,15,Man,Denmark ,No,Yes ,1,No,"France (20%), Russia (11%), U.S. (9%), Mexico (8%), and Turkey (6%)",Angry,No,Agree,"Leon Stefan, Bo Seong-Min, and Justino Tadeo that occurred on 4/14/21",Never,No idea,#N/A,#N/A,#N/A,#N/A,#N/A,#N/A,#N/A,#N/A,#N/A,#N/A,#N/A
63,44302.6564,44302.66325,86.180.104.18,100,592,1,44302.66325,55.77000427,-4.053497314,21,Man,Scotland ,Yes,Yes ,0,Yes ,France (20%) Russia (11%) US (9%) Mexico (8%) Turkey (6%),Happy ,No,Agree,"4/14/21 Leon, Stefan, Bo, Justine",Sometimes,Honestly unsure ,France,25%,Bo Seong-Min,4/14/2021,1,0,1,1,3,3,T
64,44302.63291,44302.63521,82.95.220.31,63,198,0,44302.67691,0,0,`19,Woman,Netherlands,No,Yes ,1,Yes ,"France (20%), Russia (11%), U.S. (9%), Mexico (8%), and Turkey (6%)",Happy ,Yes,#N/A,0,#N/A,0,#N/A,#N/A,#N/A,#N/A,#N/A,#N/A,#N/A,#N/A,#N/A,#N/A,#N/A
65,44302.64242,44302.64252,108.75.10.57,48,9,0,44302.6842,0,0,35,Woman,United States,Yes,No,not assigned,#N/A,#NAME?,#N/A,#N/A,#N/A,#NAME?,#N/A,#NAME?,#N/A,#N/A,#N/A,#N/A,#N/A,#N/A,#N/A,#N/A,#N/A,#N/A,#N/A
66,44302.6836,44302.69238,90.94.199.250,100,758,1,44302.69238,39.4776001,-6.379806519,31,Woman,Spain,No,No,0,Yes ,"France (20%), Russia (11%), US (9%), Mexico (8%), and Turkey (6%)",Happy ,Yes,Strongly Agree,"4/14/21. Leon Stefan, Bo Seong-Min and Justino Tadeo",All the time,"In that context is like suggesting something new ,like out of the blue. However,I don't use it like.i don't use that emoji that much to be honest because i am not sure of the meaning",France,20%,Bo Seong-Min,4/14/2021,1,1,1,1,4,2,T
67,44302.7006,44302.70211,86.5.39.36,100,130,1,44302.70211,52.39070129,-1.291107178,24,Woman,England,Yes,Yes ,1,Yes ,"France (20%), Russia (11%), U.S. (9%), Mexico (8%), and Turkey (6%).",Happy ,No,Agree,"Leon Stefan, Bo Seong-Min, and Justino Tadeo that occurred on 4/14/21",Sometimes,Suggestive,France,Not sure,Not sure,4/14/2021,1,0,0,1,2,3,CP
68,44302.66284,44302.66302,65.35.130.218,48,15,0,44302.70469,0,0,20,Prefer not to say,U.S,Yes,Yes ,not assigned,#N/A,#NAME?,#N/A,#N/A,#N/A,#NAME?,#N/A,#NAME?,#N/A,#N/A,#N/A,#N/A,#N/A,#N/A,#N/A,#N/A,#N/A,#N/A,#N/A
69,44302.66558,44302.66642,104.143.92.57,63,73,0,44302.70811,0,0,26,Woman,United States,Yes,No,1,Yes ,"France (20%), Russia (11%), U.S. (9%), Mexico (8%), and Turkey (6%)",Sad,No,#N/A,0,#N/A,0,#N/A,#N/A,#N/A,#N/A,#N/A,#N/A,#N/A,#N/A,#N/A,#N/A,#N/A
70,44302.68013,44302.68035,84.247.159.252,48,19,0,44302.72205,0,0,26,Man,UK,Yes,No,not assigned,#N/A,#NAME?,#N/A,#N/A,#N/A,#NAME?,#N/A,#NAME?,#N/A,#N/A,#N/A,#N/A,#N/A,#N/A,#N/A,#N/A,#N/A,#N/A,#N/A
71,44302.67976,44302.68096,72.93.97.68,63,104,0,44302.72263,0,0,20,Man,U.S.,No,Yes ,0,Yes ,France 20% Russia 11% U.S. 9% Mexico 8% Turkey 6%,Sad,No,#N/A,0,#N/A,0,#N/A,#N/A,#N/A,#N/A,#N/A,#N/A,#N/A,#N/A,#N/A,#N/A,#N/A
72,44302.73627,44302.74064,115.43.119.18,100,377,1,44302.74064,25.05039978,121.5324097,27,Woman,Taiwan,No,No,0,Yes ,"France (20%), Russia (11%), U.S. (9%), Mexico (8%), Turkey (6%)",Sad,No,Strongly Agree,"4/14/21, Leon Stefan, Bo Seong-Min, Justin‚Äôs Tadeo",Sometimes,To show one‚Äôs curiosity toward specific topic,France,20%,Bo Seong-Min,4/14/2021,1,1,1,1,4,1,T
73,44302.74476,44302.74781,99.130.54.46,100,263,1,44302.74781,41.63250732,-81.40339661,21,Man,USA,Yes,No,0,No,"France (20), Russia (11), US (9), Mexico (8), Turkey (6)",Sad,No,Agree,"4/14/21. Leon Stefan, Bo Seong-Min, Justino Tadeo",Sometimes,In this context it represents curiosity,France,20%,Bo Seong-Min,4/14/2021,1,1,1,1,4,1,T
74,44302.74353,44302.75206,172.58.225.219,100,736,1,44302.75206,40.84700012,-73.86160278,15,Agender ,USA NYC,No,Yes ,1,No,"France (20%), Russia (11%), U.S. (9%), Mexico (8%), and Turkey (6%).",Sad,No,Agree,"Leon Stefan, Bo Seong-Min, and Justino Tadeo that occurred on 4/14/21:",Never,"Wide eyed, as if looking for agreement ",Not sure,Not sure,Not sure,Not sure,0,0,0,0,0,5,CP
75,44302.71743,44302.7183,2.57.33.191,48,74,0,44302.76001,0,0,39,Man,US,Yes,No,not assigned,#N/A,#NAME?,#N/A,#N/A,#N/A,#NAME?,#N/A,#NAME?,#N/A,#N/A,#N/A,#N/A,#N/A,#N/A,#N/A,#N/A,#N/A,#N/A,#N/A
76,44302.72197,44302.72208,78.10.205.98,48,10,0,44302.76377,0,0,29,Woman,Poland,No,No,not assigned,#N/A,#NAME?,#N/A,#N/A,#N/A,#NAME?,#N/A,#NAME?,#N/A,#N/A,#N/A,#N/A,#N/A,#N/A,#N/A,#N/A,#N/A,#N/A,#N/A
77,44302.7235,44302.72389,172.58.71.138,48,33,0,44302.76557,0,0,18,Non-binary,United States of America,Yes,Yes ,not assigned,#N/A,#NAME?,#N/A,#N/A,#N/A,#NAME?,#N/A,#NAME?,#N/A,#N/A,#N/A,#N/A,#N/A,#N/A,#N/A,#N/A,#N/A,#N/A,#N/A
78,44302.77029,44302.77178,108.241.44.30,100,129,1,44302.77178,32.69099426,-97.19180298,24,Non-binary,USA,Yes,No,0,No,"France (20%), Russia (11%), US (9%), Mexico (8%), Turkey (6%)",Happy ,No,Agree,"4/14/21, Leon Stefan, Bo Seong-Min, Justino Tadeo",Never,Excited or looking intently,United States,20%,Bo Seong-Min,4/14/2021,0,1,1,1,3,2,T
79,44302.77378,44302.777,143.167.232.58,100,278,1,44302.777,53.3553009,-1.563293457,21,Woman,England,Yes,Yes ,0,Yes ,"France, 20%. Russia, 11%. US, 9%. Mexico, 8%. Turkey, 6%.",Happy ,Yes,Agree,"Leon Stefan, Bo Seong-Min, Justino Tadeo. 4/14/21",Sometimes,"To me it implies someone is just kinda staring, like giving you a look. It usually means something like 'I'm expecting you to reply something' roughly, though it changes on the context slightly.",France,20%,Bo Seong-Min,4/14/2021,1,1,1,1,4,4,T
80,44302.77951,44302.78243,174.198.138.147,100,252,1,44302.78243,39.73179626,-104.9669037,26,Woman,United States ,Yes,Yes ,1,Yes ,"France (20%), Russia (11%), U.S. (9%), Mexico (8%), and Turkey (6%)",Happy ,No,Agree,"Leon Stefan, Bo Seong-Min, and Justino Tadeo",All the time,He wants Chipotle but he's also being playful ,France,20%,Justin Todeo,4/14/2021,1,1,0,1,3,4,CP
81,44302.78225,44302.78488,68.98.185.135,100,228,1,44302.78488,38.85969543,-77.19799805,25,Man,USA,Yes,Yes ,0,No,"France: 20%, Russia 11%, USA 9%, Mexico 8%, Turkey 6%.",Happy ,No,Disagree,"4/14/21 Leon, Bo, Justino",Never,No idea,France,20%,Bo Seong-Min,4/14/2021,1,1,1,1,4,2,T
82,44302.78515,44302.78779,98.177.235.120,100,227,1,44302.78779,33.47929382,-112.3121033,14,Man,United States,Yes,Yes ,0,Yes ,France 20 Russia 11 US 9 Mexico 8 Turkey 6,Angry,No,Strongly Agree,44300,Sometimes,interest,Japan,25%,Not sure,4/14/2021,0,0,0,1,1,3,T
83,44302.81163,44302.81429,116.255.5.233,100,230,1,44302.81429,-33.85629272,151.2121887,18,Woman,Australia,Yes,No,0,Yes ,"France (20%), Russia (11%), US (9%), Mexico (8%), and Turkey (6%)",Happy ,No,Disagree,"4/14/21, Leon Stefan, Bo Seong-Min, Justino Tadeo",Never,"in this case, piqued interest",France,20%,Bo Seong-Min,4/14/2021,1,1,1,1,4,3,T
84,44302.81412,44302.81606,66.168.31.216,100,167,1,44302.81606,43.07569885,-89.20300293,22,Woman,United States,Yes,No,1,Yes ,"France (20%), Russia (11%), U.S. (9%), Mexico (8%), and Turkey (6%)",Happy ,No,Disagree," Leon Stefan, Bo Seong-Min, and Justino Tadeo that occurred on 4/14/21",Sometimes,curious,France,Not sure,Bo Seong-Min,4/14/2021,1,0,1,1,3,3,CP
85,44302.81808,44302.82081,192.226.212.153,100,236,1,44302.82081,46.01660156,-73.44830322,36,Man,Canada,Yes,No,1,Yes ,France 20% Russia 11% US 9% Mexico 8% Turkey 6%,Happy ,No,Agree,"Leon Stefan, Bo Seong-Min, and Justino Tadeo  4/14/21",Sometimes,"""this may be new or unexpected""",France,20%,Not sure,4/14/2021,1,1,0,1,3,3,CP
86,44302.81983,44302.8217,73.2.106.104,100,162,1,44302.8217,38.68409729,-121.0675964,old,Prefer not to say,one,Yes,No,0,Yes ,why?,Happy ,No,Strongly Disagree,"i'd like to date Bo Seong-Min, maybe",Sometimes,look,Japan,20%,Bo Seong-Min,Not sure,0,1,1,0,2,3,T
87,44302.82382,44302.8249,85.140.0.139,100,92,1,44302.82491,53.17849731,50.12669373,21,Woman,Russia,No,Yes ,1,Yes ,"France (20%), Russia (11%), U.S. (9%), Mexico (8%), and Turkey (6%)",Happy ,Yes,Agree,"Leon Stefan, Bo Seong-Min, and Justino Tadeo 4/14/21",All the time,Curiosity ,France,20%,Justin Todeo,4/14/2021,1,1,0,1,3,2,CP
88,44302.82329,44302.82624,108.16.122.173,100,255,1,44302.82624,40.00210571,-75.2723999,17,Man,USA ,Yes,Yes ,1,No,"France (20%), Russia (11%), U.S. (9%), Mexico (8%), and Turkey (6%)",Happy ,No,Agree,"Leon Stefan, Bo Seong-Min, and Justino Tadeo",Never,It is meant to be used as the equivalent of a subtle suggestive tone,France,20%,Leon Tadeo,4/14/2021,1,1,0,1,3,3,CP
89,44302.82682,44302.83257,89.166.75.209,100,496,1,44302.83257,60.97059631,25.65010071,27,Man,Finland,No,No,0,Yes ,i'm way too lazy. i did read the text,Happy ,No,Agree,fuck off. chipotle,Sometimes,i don't know. maybe looking at the other persons reaction to their question,France,20%,Bo Seong-Min,4/14/2021,1,1,1,1,4,2,T
90,44302.84139,44302.84661,69.230.128.244,100,450,1,44302.84662,42.54179382,-83.21299744,50,Woman,United States,Yes,No,1,Yes ,"France (20%), Russia (11%), U.S. (9%), Mexico (8%), and Turkey (6%).",Happy ,No,Strongly Agree,"Leon Stefan, Bo Seong-Min, Justino Tadeo 4/14/21",Sometimes,"In this case, something they want/like.",France,25%,Bo Seong-Min,4/14/2021,1,0,1,1,3,2,CP
91,44302.85949,44302.86164,98.5.241.16,100,186,1,44302.86166,42.94360352,-78.8368988,25,Woman,USA,Yes,No,0,Yes ,"France (20%), Russia (11%), US (9%), Mexico (8%), Turkey (6%)",Sad,Yes,Strongly Agree,"4/14/21, Leon Stefan, Bo Seong-Min, Justino Tadeo",All the time,Leon is excited about the prospect of Chipotle,France,20%,Bo Seong-Min,4/14/2021,1,1,1,1,4,2,T
92,44302.86785,44302.87005,162.198.202.210,100,190,1,44302.87006,35.9151001,-79.09719849,21,Woman,The United States of America ,Yes,Yes ,1,Yes ,"France (20%), Russia (11%), U.S. (9%), Mexico (8%), and Turkey (6%)",Happy ,No,Disagree,"Leon Stefan, Bo Seong-Min, and Justino Tadeo that occurred on 4/14/21:",Sometimes,Drawing attention to it,France,20%,Not sure,4/14/2021,1,1,0,1,3,3,CP
93,44302.88243,44302.8845,119.18.0.249,100,179,1,44302.88451,-33.86720276,151.199707,17,Woman,Australia,Yes,Yes ,1,No,"France (20%), Russia (11%), U.S. (9%), Mexico (8%), and Turkey (6%)",Happy ,No,Agree,"Leon Stefan, Bo Seong-Min, and Justino Tadeo that occurred on 4/14/21",Sometimes,"no real point, just a filler to make the convo more light",Japan,20%,Bo Seong-Min,4/14/2021,0,1,1,1,3,2,CP
94,44302.90275,44302.90471,176.24.243.242,100,168,1,44302.90472,51.59190369,0.673492432,37,Woman,UK,Yes,No,1,Yes ,"France (20%), Russia (11%), U.S. (9%), Mexico (8%), and Turkey (6%)",Happy ,Yes,Strongly Agree," Leon Stefan, Bo Seong-Min, and Justino Tadeo that occurred on 4/14/21",All the time,Asking for someone else‚Äôs opinion,Turkey,Not sure,Justin Todeo,4/14/2021,0,0,0,1,1,5,CP
95,44302.93345,44302.93646,93.168.91.210,100,260,1,44302.93647,24.65690613,46.71789551,27uda,Woman,Usa,Yes,Yes ,0,Yes ,"France 20%, Russia 11% USA 9% Mexico 8% Turkey 6%",Happy ,Yes,Strongly Agree,"4/14/21, Leon Stefan, Bo Seong Min, Justin Tadeo",All the time,"Searching for response, or else disbelief ",France,20%,Leon Tadeo,4/14/2021,1,1,0,1,3,2,T
96,44302.94036,44302.94449,108.162.157.153,100,356,1,44302.94449,43.78059387,-79.35030365,24,Non-binary,Canada,Yes,No,1,Yes ,"France (20%), Russia (11%), U.S. (9%), Mexico (8%), and Turkey (6%)",Happy ,No,Agree,"Leon Stefan, Bo Seong-Min, and Justino Tadeo that occurred on 4/14/21",Sometimes,In this instance I think it is used to emphasize and draw attention to the suggestion. But that emoji has many different meanings depending on context.,France,20%,Bo Seong-Min,Not sure,1,1,1,0,3,2,CP
97,44302.95037,44302.95216,223.140.210.173,100,154,1,44302.95218,25.05039978,121.5324097,24,Woman,Taiwan,No,Yes ,1,Yes ,"France (20%), Russia (11%), U.S. (9%), Mexico (8%), and Turkey (6%)",Happy ,Yes,Agree,44300,Sometimes,Express motion,Not sure,Not sure,Not sure,4/14/2021,0,0,0,1,1,4,CP
98,44302.96154,44302.96503,104.245.146.132,100,302,1,44302.96503,43.63189697,-79.37159729,33,Man,Peru,No,No,1,Yes ,"Fr 20%, RU 11%, US 9%, MX 8%, TR 6%",Happy ,No,Strongly Agree,"Apr. 14, 2021: Leon, Bo, Justino",Sometimes,stress on supra ling√ºistic features (emotions),France,20%,Bo Seong-Min,4/14/2021,1,1,1,1,4,5,T
99,44302.96966,44302.97207,47.197.39.198,100,208,1,44302.97207,28.23649597,-82.3289032,23,Woman,United States,Yes,Yes ,0,Yes ,"France 20, Russia 11, USA 9, Mexico 8, turkey 6",Happy ,No,Strongly Agree,-,Sometimes,Hmmm,France,20%,Justin Todeo,4/14/2021,1,1,0,1,3,1,T
100,44302.97513,44302.97995,84.214.16.89,100,416,1,44302.97995,59.41160583,5.267700195,22,Woman,Norway ,No,Yes ,0,Yes ,"France (20%), Russia (11%), U.S. (9%), Mexico (8%) and Turkey (6%)",Sad,Yes,Strongly Agree,"Leon Stefan, Bo Seong-Min, Justin Tadeo (4/14/21)",All the time,"Setting your eyes on something (in this case, Chipotle) ",France,20%,Bo Seong-Min,4/14/2021,1,1,1,1,4,1,T
101,44303.02552,44303.02891,99.50.193.92,100,293,1,44303.02891,34.28269958,-118.8874969,27,Woman,United States,Yes,No,0,Yes ,"France 20, Russia 11, US 9, Mexico 8, turkey 6",Happy ,Yes,Strongly Agree,4/14/21 Leon bo justino ,Sometimes,Giving a possible remedy to his hungry friend,France,20%,Leon Tadeo,4/14/2021,1,1,0,1,3,3,T
102,44303.03275,44303.03919,45.135.186.140,100,555,1,44303.03919,22.27949524,114.1459961,32,Man,USA,Yes,No,0,Yes ,France 20% Russia 11% USA 9% Mexico 8% Turkey 6%,Happy ,Yes,Strongly Agree,"4/14/21 Leon Stefan, Bo Seong-Min, and Justino Tadeo ",All the time,Look,France,20%,Bo Seong-Min,4/14/2021,1,1,1,1,4,3,T
103,44303.03745,44303.04141,223.140.129.226,100,342,1,44303.04141,25.05039978,121.5324097,24,Man,Taiwan ,No,Yes ,0,Yes ,France 20% Russia 11% US 9% Mexico 8% Turkey 8%,Happy ,Yes,Agree,"4/21/21 Leon Stefan ,  Bo Seong-Min",All the time,just emphasize their emotions in the conversation ,Not sure,20%,Justin Todeo,4/14/2021,0,1,0,1,2,4,T
104,44303.11269,44303.11444,76.103.25.207,100,152,1,44303.11446,37.88299561,-122.4676056,36,Woman,Usa,Yes,No,1,Yes ,"France (20%), Russia (11%), U.S. (9%), Mexico (8%), and Turkey (6%)",Happy ,Yes,Strongly Agree,"Leon Stefan, Bo Seong-Min, and Justino Tadeo that occurred on 4/14/21",Sometimes,This is something I want,France,20%,Leon Tadeo,4/14/2021,1,1,0,1,3,3,CP
105,44303.11931,44303.12303,150.143.223.181,100,322,1,44303.12304,51.2993927,1.090698242,28,Man,UK,Yes,No,0,Yes ,"France 20%, Russia 11%, US 9%, Mexico 8%, Turkey 6%",Happy ,No,Agree,Leon Bo Justion 4/14/21,Sometimes,Slightly controversial opinion,France,20%,Bo Seong-Min,4/14/2021,1,1,1,1,4,1,T
106,44303.13263,44303.13992,82.132.222.44,100,630,1,44303.13992,51.50959778,-0.097198486,38,Woman,Greece,No,Yes ,0,Yes ,"France (20%) Russia 11%, US 9%, Mexico 8% Turkey 6%",Happy ,Yes,Agree,04/14/21 Leon and Bo,Sometimes,"Happy thinking crying with laughter, embarrassed, sick drooling agree",France,20%,Bo Seong-Min,4/14/2021,1,1,1,1,4,4,T
107,44303.16303,44303.16598,49.37.209.121,100,254,1,44303.16598,12.89959717,80.22088623,23,Woman,India,Yes,No,0,Yes ,R,Happy ,No,Agree,R,Sometimes,Watchful,France,20%,Bo Seong-Min,Not sure,1,1,1,0,3,3,T
108,44303.19774,44303.20175,94.71.106.150,100,346,1,44303.20175,37.96400452,23.63589478,19,Woman,Greece ,No,Yes ,0,Yes ,"France (20%), Russia (11%), US (9%), Mexico (8%) and Turkey (6%).",Angry,No,Agree,"14/04/21, Leon Stefan, Justino Tadeo, Bo Seong-Min",Sometimes,"Like propose an interesting idea, a feeling of excitement and curiosity at once  ",France,20%,Bo Seong-Min,4/14/2021,1,1,1,1,4,2,T
109,44303.20801,44303.21206,158.38.204.248,100,349,1,44303.21207,61.14079285,10.438797,23,Man,Norway,No,Yes ,0,Yes ,"France (20%), Russia (11%), U.S (9%), Mexico (8%) and Tureky (6%)",Happy ,Yes,Strongly Agree,"4/14/21 Leon Stefan, Bo Seong - Min and Justin Tadeo",All the time,It can be used in many different ways. I think it is most commonly used to describe something they want (eyeing something). However it can also mean looking at something that is considered weird or shocking. I have never used that particular emoji myself though. ,France,20%,Bo Seong-Min,4/14/2021,1,1,1,1,4,1,T
110,44303.22579,44303.23074,91.4.179.22,100,427,1,44303.23074,53.53529358,7.962203979,16,Man,Germany,No,Yes ,0,No,"France (20%), Russia (11%), US (9%), Mexico (8%), Turkey (6%)",Happy ,No,Agree,"4/14/21, Leon Stefan, Bo Seong-Min, Justin Tadeo",Never,"Looking at someone or something specifically, in this case expecting a response",France,20%,Bo Seong-Min,4/14/2021,1,1,1,1,4,1,T
111,44303.22826,44303.27544,174.209.34.162,100,4075,1,44303.27544,40.41020203,-104.7584,23,Man,USA,Yes,No,1,Yes ,"France (20%), Russia (11%), U.S. (9%), Mexico (8%), and Turkey (6%)",Angry,No,Strongly Agree,"Leon Stefan, Bo Seong-Min, and Justino Tadeo that occurred on 4/14/21:",Sometimes,They are thinking about something desirabile in this case. I have seen it used for speculation or a dramatic discovery,France,20%,Leon Tadeo,4/14/2021,1,1,0,1,3,3,CP
112,44303.30654,44303.30992,203.213.121.45,100,292,1,44303.30992,-31.96740723,115.8620911,31,Woman,Australia ,Yes,Yes ,1,Yes ,"France (20%), Russia (11%), U.S. (9%), Mexico (8%), and Turkey (6%",Happy ,No,Agree,"Leon Stefan, Bo Seong-Min, and Justino Tadeo that occurred on 4/14/21",Sometimes,Looking at the people you are talking to in a curious way,France,25%,Justin Todeo,Not sure,1,0,0,0,1,2,CP
113,44303.3159,44303.31944,107.77.207.227,100,305,1,44303.31944,41.89860535,-87.73799896,21,Woman,United States,Yes,Yes ,1,Yes ,"France 20%, russia 11%, u.s. 9%, mexico 8%, turkey 6%",Happy ,Yes,Strongly Agree,"4/14/21, leon stefan, bo seong-min, Justino tadeo",All the time,Wondering in this context ,France,20%,Bo Seong-Min,4/14/2021,1,1,1,1,4,1,T
114,44303.34638,44303.35037,38.13.4.67,100,345,1,44303.35038,42.34640503,-71.09750366,21,Woman,Germany ,No,Yes ,0,Yes ,"France (20%), Russia (11%), U.S. (9%), Mexico (8%), Turkey(6%)",Happy ,No,Agree,"Date: 4/14/21, Leon Stefan, Bo Seong-Min, Justino Tadeo ",Sometimes,Depends on the sentences before/after. It could be eye rolling or also a curious one,France,25%,Bo Seong-Min,4/14/2021,1,0,1,1,3,2,T
115,44303.41924,44303.42397,77.234.92.163,100,408,1,44303.42397,47.56359863,19.09469604,25,Woman,Hungary,No,No,0,Yes ,"France 20, Russia 11, US 9, Mexico 8, Turkey 6",Happy ,Yes,Agree,"Leon, Bo, Justino 4/14/21",Sometimes,Look,France,14%,Justin Todeo,4/14/2021,1,0,0,1,2,3,T
116,44303.43149,44303.43443,112.198.207.216,100,254,1,44303.43444,14.54130554,121.049408,17,Prefer not to say,Philippines,No,Yes ,0,Yes ,"France 20%, Russia 11%, US 9%, Mexico 8%, Turkey 6%",Sad,No,Strongly Agree,"4/14/21, Leon Stefan, Bo Seong-Min, Justino Tadeo",Sometimes,Chismiss,Not sure,Not sure,Not sure,4/14/2021,0,0,0,1,1,4,T
117,44303.45119,44303.46889,122.167.120.129,100,1528,1,44303.46889,12.96339417,77.58551025,22,Man,India,No,Yes ,1,Yes ,"France (20%), Russia (11%), U.S. (9%), Mexico (8%), and Turkey (6%). ",Happy ,Yes,Strongly Agree,"Leon Stefan, Bo Seong-Min, and Justino Tadeo that occurred on 4/14/21:",All the time,Stare,France,25%,Leon Tadeo,4/14/2021,1,0,0,1,2,2,CP
118,44303.47235,44303.47848,109.80.127.155,100,529,1,44303.47848,50.12019348,14.49760437,21,Woman,Belarus/Czech Republic,No,Yes ,0,Yes ,"France (20%), Russia (11%), U.S. (9%), Mexico (8%), and Turkey (6%).",Happy ,Yes,Agree,4/14/21 Leon Stafan; Bo Seong-Min ; Justino Tadeo,All the time,"""Look and tell me if you agree""",France,20%,Bo Seong-Min,4/14/2021,1,1,1,1,4,3,T
119,44303.51954,44303.52243,73.38.13.46,100,250,1,44303.52244,42.36399841,-71.02649689,23,Man,United States,Yes,Yes ,1,Yes ," France (20%), Russia (11%), U.S. (9%), Mexico (8%), and Turkey (6%)",Happy ,Yes,Strongly Agree,"Leon Stefan, Bo Seong-Min, and Justino Tadeo, 4/14/21",Sometimes,"Looking for a response, or looking around/looking for something, or wondering what people will say",France,20%,Bo Seong-Min,4/14/2021,1,1,1,1,4,2,CP
120,44303.54795,44303.55352,102.250.4.8,100,480,1,44303.55352,-25.75990295,28.26040649,34,Man,RSA,Yes,No,0,Yes ,"South Africa, Nigeri,USA,CANADA AND CUBA",Happy ,Yes,Strongly Agree,44300,Sometimes,Looking ,United States,25%,Leo Stefano,4/14/2021,0,0,0,1,1,1,CP
121,44303.55455,44303.55734,174.48.92.134,100,241,1,44303.55735,26.14860535,-80.27680206,20,Woman,United States,Yes,Yes ,0,Yes ,"France - 20%, Russia - 11%, U.S. - 9%, Mexico - 8%, Turkey - 6%",Sad,No,Agree,"April 14th, 2021; Bo Seong-Min, Leon Stefan, and Justino Tadeo",Sometimes,Suspicion / Interest,France,20%,Bo Seong-Min,4/14/2021,1,1,1,1,4,1,T
122,44303.55582,44303.55751,72.48.33.248,100,145,1,44303.55751,31.06820679,-97.39199829,16,Woman,US,Yes,Yes ,0,Yes ,France (20) Russia (11) US (9) Mexico (8) TUrkey (6),Happy ,No,Agree,4/14/21 LEon Stefan Bo Seong Min Justino Tadeo,Sometimes,Lots of different things.,France,20%,Bo Seong-Min,4/14/2021,1,1,1,1,4,2,T
123,44303.58001,44303.58747,102.65.63.236,100,643,1,44303.58747,-34.04859924,18.48109436,20,Woman,South Africa ,Yes,Yes ,0,Yes ,"France (20%), Russia (11%), U.S (9%), Mexic (8%) and Turkey  (6%)",Happy ,No,Agree,"14/04/21, Leon Stefan, Bo Seong-Min and Justino Tadeo,",Sometimes,"I think it means what a typical eyeroll means, either one that is conveying annoyance or just where soemone is jokingly bein annoyed with someone. ",France,20%,Bo Seong-Min,4/14/2021,1,1,1,1,4,1,T
124,44303.61362,44303.61661,31.205.28.90,100,257,1,44303.61662,53.2144928,-0.571105957,22,Man,United Kingdom,Yes,Yes ,0,No,"France (20%), Russia (11%), US (9%), Mexico (8%),",Happy ,Yes,Disagree,"4/14/21 - Leon Stefan, Justin Tad,",Sometimes,Naughty-looking at you,France,14%,Justin Todeo,4/14/2021,1,0,0,1,2,2,T
125,44303.71444,44303.71837,64.18.153.63,100,338,1,44303.71837,42.36340332,-71.07129669,24,Man,China,No,Yes ,1,Yes ," France (20%), Russia (11%), U.S. (9%), Mexico (8%), and Turkey (6%)",Sad,Yes,Strongly Agree,"4/14/21 Leon Stefan, Bo Seong-Min, and Justino Tadeo ",All the time,looking forward,France,20%,Not sure,4/14/2021,1,1,0,1,3,2,CP
126,44303.7287,44303.7338,73.123.224.186,100,439,1,44303.7338,42.35139465,-71.042099,22,Man,Ecuador,No,Yes ,0,Yes ,"France (20%),Russia (11%), US (9%), Mexico (8%), Turkey (6%)",Happy ,Yes,Agree,"4/14/2021 Leon Stefan, Bo Seong-Min, Justino Tadeo",All the time,"They are useful to show mischief. The emoji equivalent of ""jk jk ... unless""",France,20%,Bo Seong-Min,4/14/2021,1,1,1,1,4,2,T
127,44303.77111,44303.77757,209.6.156.51,100,557,1,44303.77757,42.34979248,-71.07649994,22,Man,Taiwan (or China),No,Yes ,1,Yes ,"France (20%), Russia (11%), U.S. (9%), Mexico (8%), and Turkey (6%)",Happy ,Yes,Agree,"Leon Stefan, Bo Seong-Min, and Justino Tadeo that occurred on 4/14/21",Sometimes,Curious,France,Not sure,Not sure,Not sure,1,0,0,0,1,3,CP
128,44303.81671,44303.82132,41.147.0.1,100,397,1,44303.82132,-34.04859924,18.48109436,29,Woman,Zimbabwe,No,No,1,Yes ,"France (20%), Russia (11%), U.S. (9%), Mexico (8%), and Turkey (6%).",Happy ,Yes,Agree,"Leon Stefan, Bo Seong-Min, and Justino Tadeo ...4/14/21:",All the time,Do you agree,Japan,20%,Justin Todeo,4/14/2021,0,1,0,1,2,2,CP
129,44303.82845,44303.83049,80.253.183.43,100,176,1,44303.8305,14.99740601,47.99989319,30,Woman,Yemen,No,Yes ,1,Yes ," France (20%), Russia (11%), U.S. (9%), Mexico (8%), and Turkey (6%)",Sad,Yes,Agree,leon. justin,Sometimes,watch,Not sure,20%,Not sure,3/14/2020,0,1,0,0,1,4,CP
130,44303.86086,44303.86353,117.198.109.23,100,230,1,44303.86353,12.91720581,74.85600281,38,Man,India,Yes,No,0,Yes ,"France (20%), Russia (11%), US (9%), Mexico (8%), Turkey (6%)",Happy ,Yes,Agree,"4/14/2021, Leon, Bo and Justino",All the time,query,France,14%,Justin Todeo,4/14/2021,1,0,0,1,2,1,T
131,44304.00799,44304.01194,49.196.41.172,100,342,1,44304.01196,-31.94740295,115.8648071,0,Woman,Australia ,Yes,Yes ,0,Yes ,"France (20%), Russia (11%), US (9%), mexico(8%), Turkey(6%)",Happy ,Yes,Agree,"4/14/21. Bo seong-min, Leon Stefan, Justino Tadeo",Sometimes,Looking/ watching out for you ,France,20%,Bo Seong-Min,4/14/2021,1,1,1,1,4,1,T
132,44304.07462,44304.08218,49.187.131.232,100,652,1,44304.08218,-27.47320557,153.0215149,26,Woman,Estonia,No,No,1,Yes ,"France (20%), Russia (11%), U.S. (9%), Mexico (8%), and Turkey (6%)",Happy ,Yes,Disagree,"Leon Stefan, Bo Seong-Min, and Justino Tadeo that occurred on 4/14/21",All the time,They are not that nessecary in that conversation. Looks like kids talking,France,20%,Not sure,4/14/2021,1,1,0,1,3,1,CP
133,44304.10539,44304.10803,140.112.176.145,100,227,1,44304.10803,25.05039978,121.5324097,25,Man,Republic of China,No,Yes ,0,Yes ,France 20%;Russia 11%; U.S. 9%; Mexico 8%; Turkey 6%,Happy ,No,Agree,"Leo Stefan, Bo Seong-Min, Justino Tadeo 4/14/21",Sometimes,wait for someone's answer,France,Not sure,Not sure,4/14/2021,1,0,0,1,2,4,T
134,44304.14552,44304.14836,176.77.159.11,100,245,1,44304.14836,47.56359863,19.09469604,22,Woman,Hungary,No,Yes ,1,No,"France (20%), Russia (11%), U.S. (9%), Mexico (8%), and Turkey (6%)",Happy ,No,Agree,"Leon Stefan, Bo Seong-Min, and Justino Tadeo that occurred on 4/14/21",Sometimes,It's kind of suggestive. ,France,20%,Justin Todeo,4/14/2021,1,1,0,1,3,2,CP
135,44304.23013,44304.23243,105.67.133.74,100,199,1,44304.23243,30.42010498,-9.591201782,24,Woman,Morocco ,No,Yes ,1,Yes ,üòÇ (60) ü•∞ (20) üòé (10)‚ù§Ô∏è(5) üòù(5),Happy ,No,Agree,"Leon Stefan, Bo Seong-Min, and Justino Tadeo that occurred on 4/14/21",Sometimes,Looking for an answer ,France,20%,Leo Stefano,4/14/2021,1,1,0,1,3,2,CP
136,44304.25403,44304.25675,137.59.222.112,100,234,1,44304.25675,25.39239502,68.373703,18,Woman,Pakistan,No,Yes ,1,Yes ,"France (20%), Russia (11%), U.S. (9%), Mexico (8%), and Turkey (6%)",Happy ,Yes,Strongly Agree,"Leon Stefan, Bo Seong-Min, and Justino Tadeo that occurred on 4/14/21",All the time,for keen observation,France,20%,Bo Seong-Min,4/14/2021,1,1,1,1,4,4,CP
137,44304.29534,44304.2973,58.179.143.180,100,169,1,44304.2973,-37.82000732,144.9637146,19,Woman,Australia,Yes,Yes ,1,Yes ,"France (20%), Russia (11%), U.S. (9%), Mexico (8%), and Turkey (6%)",Happy ,Yes,Strongly Agree,"Leon Stefan, Bo Seong-Min, and Justino Tadeo that occurred on 4/14/21:",Sometimes,They really want chipotle but don‚Äôt want to seem overly enthusiastic about it,France,20%,Not sure,4/14/2021,1,1,0,1,3,3,CP
138,44304.33374,44304.33652,81.11.181.178,100,240,1,44304.33652,50.93499756,5.337203979,28,Man,Belgium,No,Yes ,0,Yes ,"France, Russia, US, Mexico and Turkey",Happy ,Yes,Strongly Agree,"4/14/21, Leon, Bo, justino",Sometimes,Effectiveness ,France,20%,Bo Seong-Min,4/14/2021,1,1,1,1,4,1,T
139,44304.3985,44304.40137,155.41.25.102,100,247,1,44304.40137,42.34640503,-71.09750366,23,Woman,USA,Yes,Yes ,1,Yes ,"France (20%), Russia (11%), U.S. (9%), Mexico (8%), and Turkey (6%)",Happy ,No,Strongly Agree,"Leon Stefan, Bo Seong-Min, and Justino Tadeo 4/14/21",Sometimes,It's cool,France,20%,Bo Seong-Min,4/14/2021,1,1,1,1,4,1,CP
140,44304.41323,44304.41539,98.116.234.83,100,187,1,44304.41539,40.66650391,-73.54550171,22,Man,United States,Yes,Yes ,1,Yes ,"France (20%), Russia (11%), U.S. (9%), Mexico (8%), and Turkey (6%)",Sad,Yes,Agree,"Leon Stefan, Bo Seong-Min, and Justino Tadeo. 4/14/21",All the time,It shows heightened curiosity at the idea being one that others will accept.,France,Not sure,Bo Seong-Min,4/14/2021,1,0,1,1,3,3,CP
141,44304.45557,44304.45766,90.221.37.164,100,181,1,44304.45766,51.4519043,0.178695679,21,Woman,England ,Yes,Yes ,0,Yes ,france (20%) russia (11%) US(9%) mexico (8%) turkey (6%),Happy ,Yes,Strongly Agree,"4/14/21 leon stefan, bo seong-min and justino tadeo",Sometimes,"interested, suggestive ",France,20%,Bo Seong-Min,4/14/2021,1,1,1,1,4,1,T
142,44304.46834,44304.47985,41.113.153.138,100,993,1,44304.47985,-26.38110352,27.83760071,26,Woman,South africa,Yes,Yes ,0,Yes ,"France, 2.Russia, 3. US, 4.Mexico, 5.Turkey ",Happy ,No,Strongly Disagree,"4/14/21. Leon Stefan, Bo seong-Min, Justin Tadeo",All the time,Being surprised ,Not sure,25%,Bo Seong-Min,4/14/2021,0,0,1,1,2,1,T
143,44304.53759,44304.54069,86.156.167.179,100,267,1,44304.54069,50.85440063,-1.001998901,18,Woman,England,Yes,Yes ,0,Yes ,"France 20%, Russia 11%, USA 9%, Mexico 8%, Turkey 6%",Sad,Yes,Strongly Agree,"4/14/21, Leon, Bo, Justino",All the time,An attractive suggestion,France,14%,Bo Seong-Min,4/14/2021,1,0,1,1,3,4,T
144,44304.61263,44304.61457,102.22.192.91,100,167,1,44304.61457,-26.69999695,27.81669617,25,Man,South Africa ,Yes,Yes ,1,Yes ,"France (20%), Russia (11%), U.S. (9%), Mexico (8%), and Turkey (6%)",Happy ,Yes,Strongly Agree,"Leon Stefan, Bo Seong-Min, and Justino Tadeo",All the time,Meeeh,United States,25%,Leon Tadeo,7/11/2020,0,0,0,0,0,3,CP
145,44304.74366,44304.74972,116.88.230.180,100,523,1,44304.74972,1.324203491,103.7897034,53,Woman,Singapore ,Yes,No,0,Yes ,"France, Russia, US, Mexico and Russia ",Happy ,Yes,Agree,"4/14/21, Leon Stefan, Justinian Tadeo, Bo Seong-Min",Sometimes,Good expression ,France,20%,Leon Tadeo,4/14/2021,1,1,0,1,3,2,T
146,44305.11127,44305.11552,116.88.230.180,100,367,1,44305.11553,1.324203491,103.7897034,57,Man,Singapore ,Yes,No,1,Yes ,"France (20%), Russia (11%), U.S. (9%), Mexico (8%), and Turkey (6%)",Happy ,No,Agree,"Leon Stefan, Bo Seong-Min, and Justino Tadeo that occurred on 4/14/21",Sometimes,Expression,France,20%,Leon Tadeo,4/14/2021,1,1,0,1,3,2,CP
147,44305.21046,44305.21221,77.164.121.139,100,150,1,44305.21227,51.91270447,5.839294434,20,Woman,netherlands,No,Yes ,1,Yes ,"France (20%), Russia (11%), U.S. (9%), Mexico (8%), and Turkey (6%).",Happy ,Yes,Agree,"Leon Stefan, Bo Seong-Min, and Justino Tadeo that occurred on 4/14/21:",Sometimes,idk,Not sure,Not sure,Leon Tadeo,4/14/2021,0,0,0,1,1,2,CP
148,44305.3233,44305.32602,105.112.120.179,100,235,1,44305.32602,9.175292969,7.171401978,18,Man,Nigeria,Yes,Yes ,1,Yes ,"France (20%), Russia (11%), U.S. (9%), Mexico (8%), and Turkey (6%).",Happy ,Yes,Agree,"Leon Stefan, Bo Seong-Min, and Justino Tadeo that occurred on 4/14/21",Sometimes,A suspecting look at what someone said in the chat,United States,14%,Not sure,4/14/2021,0,0,0,1,1,3,CP
149,44305.53428,44305.5405,142.79.205.112,100,537,1,44305.54051,42.373703,-71.12840271,29,Woman,India,No,Yes ,1,Yes ,"France (20%), Russia (11%), U.S. (9%), Mexico (8%), and Turkey (6%)",Happy ,Yes,Agree,"Seong-Min, and Justino Tadeo that occurred on 4/14/21",All the time,"Fun way os expressing, indicates informal-ness.",France,20%,Bo Seong-Min,4/14/2021,1,1,1,1,4,2,CP
150,44305.63969,44305.64169,24.85.238.130,100,172,1,44305.64169,49.26660156,-123.1976013,22,Woman,Canada,Yes,Yes ,0,Yes ,"France (20%), Russia (11%), US(9%),Mexico(8%),Turkey(6%)",Happy ,No,Strongly Agree,"4/14/21, Leon, Bo, Justine",Sometimes,Side eye,France,14%,Bo Seong-Min,4/14/2021,1,0,1,1,3,4,T
151,44305.69951,44305.70192,24.2.168.91,100,208,1,44305.70193,42.29040527,-71.07119751,29,Woman,United States,Yes,No,1,Yes ,"The top 5 countries that love using emojis the most are France (20%), Russia (11%), U.S. (9%), Mexico (8%), and Turkey (6%)",Sad,No,Agree," Leon Stefan, Bo Seong-Min, and Justino Tadeo",Sometimes,something is suspicious ,France,14%,Justin Todeo,4/14/2021,1,0,0,1,2,2,CP
152,44305.69913,44305.70532,76.118.234.103,100,534,1,44305.70532,42.29040527,-71.07119751,30,Woman,USA,Yes,No,1,Yes ,"France (20%), Russia (11%), U.S. (9%), Mexico (8%), and Turkey (6%)",Happy ,Yes,Agree,"Justino Tadeo, Leon Stefan, Bo Seong-Min 4/14/21",Sometimes,Excitement,France,20%,Bo Seong-Min,4/14/2021,1,1,1,1,4,1,T
153,44305.71331,44305.71959,69.221.240.210,100,543,1,44305.71961,42.29310608,-83.25479889,62,Woman,United States,Yes,No,0,Yes ,France 20% Russia 22% USA 9% Mexico 8% turkey 6%,Happy ,No,Agree,"Leon stafon, bo swing-min, justino tadeo",Sometimes,Eye roll,France,20%,Bo Seong-Min,4/14/2021,1,1,1,1,4,4,T
154,44305.71867,44305.72025,151.203.196.69,100,137,1,44305.72025,42.31199646,-71.10810089,29,Woman,USA,Yes,No,1,Yes ,"France (20%), Russia (11%), U.S. (9%), Mexico (8%), and Turkey (6%)",Happy ,No,Agree,"Bo Seong-Min, and Justino Tadeo that occurred on 4/14/21:",Sometimes,Looking over there,France,20%,Bo Seong-Min,4/14/2021,1,1,1,1,4,2,CP
155,44305.72023,44305.72353,151.203.196.69,100,284,1,44305.72353,42.31199646,-71.10810089,0,Woman,United States,Yes,No,1,Yes ,"France (20%), Russia (11%), U.S. (9%), Mexico (8%), and Turkey (6%",Happy ,No,Agree,"Leon Stefan, Bo Seong-Min, and Justino Tadeo that occurred on 4/14/21:",Sometimes,Look at this,France,20%,Leon Tadeo,4/14/2021,1,1,0,1,3,1,CP
156,44302.74762,44302.74785,69.219.171.194,50,19,0,44305.74788,0,0,40,Non-binary,US,Yes,Yes ,not assigned,#N/A,#NAME?,#N/A,#N/A,#N/A,#NAME?,#N/A,#NAME?,#N/A,#N/A,#N/A,#N/A,#N/A,#N/A,#N/A,#N/A,#N/A,#N/A,#N/A
157,44305.73917,44305.7488,69.221.240.210,100,831,1,44305.7488,42.29310608,-83.25479889,59,Man,United States,Yes,Yes ,1,Yes ,"France (20%), Russia (11%), U.S. (9%), Mexico (8%), and Turkey (6%)",Happy ,Yes,Agree,"Leon Stefan, Bo Seong-Min, and Justino Tadeo that occurred on 4/14/21",Sometimes,Interested ,France,20%,Bo Seong-Min,4/14/2021,1,1,1,1,4,4,CP
158,44305.75179,44305.75462,72.90.83.188,100,243,1,44305.75463,43.14930725,-76.2220993,31,Woman,United States,Yes,No,1,Yes ,"France (20%), Russia (11%), U.S. (9%), Mexico (8%), and Turkey (6%)",Happy ,Yes,Strongly Agree," Leon Stefan, Bo Seong-Min, and Justino Tadeo that occurred on 4/14/21",Sometimes,Looking excited ,France,20%,Bo Seong-Min,4/14/2021,1,1,1,1,4,2,CP
159,44305.75074,44305.75506,71.184.150.68,100,372,1,44305.75506,42.31199646,-71.10810089,34,Woman,Malaysia,Yes,No,1,Yes ,"France (20%), Russia (11%), U.S. (9%), Mexico (8%), and Turkey (6%)",Happy ,Yes,Strongly Agree,"4/14/21, Leon Stefan, Bo Seong-Min, and Justino Tadeo",Sometimes,Avocados ,France,20%,Bo Seong-Min,4/14/2021,1,1,1,1,4,2,CP
160,44305.75355,44305.75905,73.125.198.54,100,475,1,44305.75906,26.18580627,-80.23999786,30,Woman,USA,Yes,No,0,Yes ,"France 20%, Russia 11%, US 9%, Mexico 8%, Turkey 6%",Happy ,Yes,Strongly Agree,"4/14/21 Leon Stefan, Bo Seong-Min, Justino Tadeo ",All the time,He is excited about Chipotle ,France,20%,Bo Seong-Min,4/14/2021,1,1,1,1,4,2,T
161,44302.76704,44302.76882,176.233.171.158,64,153,0,44305.76882,0,0,16,Man,Turkey ,No,Yes ,0,Yes ,"France (20%), Russia (11%), US (9%), Mexico (8%) and Turkey (6%)",Happy ,No,#N/A,0,#N/A,0,#N/A,#N/A,#N/A,#N/A,#N/A,#N/A,#N/A,#N/A,#N/A,#N/A,#N/A
162,44302.80853,44302.8088,131.0.183.240,50,23,0,44305.80881,0,0,18,Man,Brazil,Yes,Yes ,not assigned,#N/A,#NAME?,#N/A,#N/A,#N/A,#NAME?,#N/A,#NAME?,#N/A,#N/A,#N/A,#N/A,#N/A,#N/A,#N/A,#N/A,#N/A,#N/A,#N/A
163,44305.80541,44305.80898,107.77.226.214,100,308,1,44305.80899,40.81419373,-73.90809631,34,Woman,USA,Yes,No,0,Yes ,"France (20%), Russia (11%), US (9%), Mexico (8%), Turkey (6%)",Happy ,Yes,Strongly Disagree,"4/14/2021, leon stefan, bo seong-min, justino tadeo",Never,Look at the suggestion?,France,20%,Bo Seong-Min,4/14/2021,1,1,1,1,4,1,T
164,44302.81688,44302.81797,107.77.192.81,64,95,0,44305.818,0,0,0,Woman,United States,Yes,No,0,Yes ,"France 20%, Russia 11%, U.S. 9%, Mexico 8%, turkey 6%",Happy ,Yes,#N/A,0,#N/A,0,#N/A,#N/A,#N/A,#N/A,#N/A,#N/A,#N/A,#N/A,#N/A,#N/A,#N/A
165,44302.82184,44302.82375,85.140.0.139,79,164,0,44305.82378,0,0,21,Woman,Russia,No,Yes ,1,Yes ,"France (20%), Russia (11%), U.S. (9%), Mexico (8%), and Turkey (6%)",Happy ,Yes,Strongly Agree,"Stefan, Bo Seong-Min, and Justino Tadeo 4/14/21",All the time,Curiosity ,#N/A,#N/A,#N/A,#N/A,#N/A,#N/A,#N/A,#N/A,#N/A,#N/A,#N/A
166,44302.83284,44302.83337,89.166.75.209,50,45,0,44305.83338,0,0,0,#N/A,0,No,#N/A,not assigned,#N/A,#NAME?,#N/A,#N/A,#N/A,#NAME?,#N/A,#NAME?,#N/A,#N/A,#N/A,#N/A,#N/A,#N/A,#N/A,#N/A,#N/A,#N/A,#N/A
167,44305.83444,44305.8442,73.85.224.6,100,842,1,44305.8442,27.39370728,-80.31749725,74,Woman,United States,Yes,No,1,Yes ,"France 20%, Russia 11%, U.S. 9%, Mexico 8%, Turkey 6%",Happy ,No,Strongly Disagree,"4/14/21 Leon Stefan, Bo Seong-Min, Justino Tadeo",All the time,To bring attention to the restaurant mentioned,France,20%,Bo Seong-Min,4/14/2021,1,1,1,1,4,2,T
168,44305.86516,44305.86916,46.239.106.107,100,344,1,44305.86916,57.70649719,11.96699524,27,Woman,Sweden,No,Yes ,1,Yes ,"France (20%), Russia (11%), U.S. (9%), Mexico (8%), and Turkey (6%)",Happy ,Yes,Strongly Agree,"Leon Stefan, Bo Seong-Min, and Justino Tadeo",All the time,Adds emphasis to emotional expressions,France,25%,Leo Stefano,4/14/2021,1,0,0,1,2,1,CP
169,44305.8756,44305.87806,124.123.170.49,100,212,1,44305.87807,17.42539978,78.50750732,22,Man,India,No,Yes ,0,Yes ,"France, Russia, U.S, Mexico and Turkey",Happy ,Yes,Agree,"4/14/21 & Leon Stefan, Bo Seong-Min, Justino Tadeo",Sometimes,seeing,France,20%,Bo Seong-Min,4/14/2021,1,1,1,1,4,5,T
170,44305.88734,44305.89267,91.151.136.98,100,460,1,44305.89267,41.71629333,44.83869934,38,Woman,Georgia,No,No,0,Yes ,??,Happy ,Yes,Strongly Agree,"4/14/2021; Leon Stefan, Bo Seong-Min, Justino Tadeo",Sometimes,confusion,France,Not sure,Bo Seong-Min,4/14/2021,1,0,1,1,3,4,T
171,44302.9322,44302.93316,154.16.166.154,64,83,0,44305.93322,0,0,50,Woman,Slovenia,No,No,0,Yes ,Why?,Happy ,Yes,#N/A,0,#N/A,0,#N/A,#N/A,#N/A,#N/A,#N/A,#N/A,#N/A,#N/A,#N/A,#N/A,#N/A
172,44302.93862,44302.94134,49.207.141.8,50,234,0,44305.94135,0,0,Eighty years,Woman,India,No,No,not assigned,#N/A,#NAME?,#N/A,#N/A,#N/A,#NAME?,#N/A,#NAME?,#N/A,#N/A,#N/A,#N/A,#N/A,#N/A,#N/A,#N/A,#N/A,#N/A,#N/A
173,44302.99874,44303.00023,73.241.78.82,64,129,0,44306.00029,0,0,20,Woman,USA,Yes,Yes ,0,Yes ,"France (20%), Russia (11%), U.S. (9%), Mexico (8%), and Turkey (6%)",Happy ,Yes,#N/A,0,#N/A,0,#N/A,#N/A,#N/A,#N/A,#N/A,#N/A,#N/A,#N/A,#N/A,#N/A,#N/A
174,44303.02576,44303.02795,174.204.80.191,64,188,0,44306.02796,0,0,46,Woman,US,Yes,No,1,Yes ,France 20 Russia 11US 9 Mexico 8 Turkey 6,Happy ,No,#N/A,0,#N/A,0,#N/A,#N/A,#N/A,#N/A,#N/A,#N/A,#N/A,#N/A,#N/A,#N/A,#N/A
175,44303.06628,44303.0692,220.133.37.173,64,251,0,44306.0692,0,0,19,Woman,Taiwan,No,Yes ,0,Yes ,"France(20%), Russia(11%), U.S.(9%), Mexico(8%), Turkey (6%)",Happy ,Yes,#N/A,0,#N/A,0,#N/A,#N/A,#N/A,#N/A,#N/A,#N/A,#N/A,#N/A,#N/A,#N/A,#N/A
176,44303.20485,44303.20541,78.20.22.73,50,47,0,44306.20541,0,0,20,Woman,Belgium,No,Yes ,not assigned,#N/A,#NAME?,#N/A,#N/A,#N/A,#NAME?,#N/A,#NAME?,#N/A,#N/A,#N/A,#N/A,#N/A,#N/A,#N/A,#N/A,#N/A,#N/A,#N/A
177,44303.37366,44303.37483,39.34.234.147,64,100,0,44306.37486,0,0,21,Woman,Pakistan,No,Yes ,1,Yes ,"France (20%), Russia (11%), U.S. (9%), Mexico (8%), and Turkey (6%)",Happy ,No,#N/A,0,#N/A,0,#N/A,#N/A,#N/A,#N/A,#N/A,#N/A,#N/A,#N/A,#N/A,#N/A,#N/A
178,44303.39184,44303.39325,69.163.38.130,64,122,0,44306.39326,0,0,28,Woman,USA,Yes,No,0,Yes ,"France 20%, Russia 11%, US 9%, Mexico 8%, Turkey 6%",Happy ,Yes,#N/A,0,#N/A,0,#N/A,#N/A,#N/A,#N/A,#N/A,#N/A,#N/A,#N/A,#N/A,#N/A,#N/A
179,44303.43328,44303.43458,183.87.63.198,50,112,0,44306.43459,0,0,24,Man,India,No,Yes ,not assigned,#N/A,#NAME?,#N/A,#N/A,#N/A,#NAME?,#N/A,#NAME?,#N/A,#N/A,#N/A,#N/A,#N/A,#N/A,#N/A,#N/A,#N/A,#N/A,#N/A
180,44303.43324,44303.43646,120.29.86.112,64,278,0,44306.43647,0,0,17,Man,PH,No,Yes ,0,Yes ,"France (20%), Russia (11%), U.S.(9%), Mexico(8%) and Turkey (6%)",Happy ,No,#N/A,0,#N/A,0,#N/A,#N/A,#N/A,#N/A,#N/A,#N/A,#N/A,#N/A,#N/A,#N/A,#N/A
181,44303.51484,44303.51498,104.62.164.26,50,11,0,44306.515,0,0,19,Non-binary,United States,Yes,Yes ,not assigned,#N/A,#NAME?,#N/A,#N/A,#N/A,#NAME?,#N/A,#NAME?,#N/A,#N/A,#N/A,#N/A,#N/A,#N/A,#N/A,#N/A,#N/A,#N/A,#N/A
182,44303.5181,44303.51839,73.38.13.46,50,25,0,44306.51845,0,0,23,Man,United States,Yes,Yes ,not assigned,#N/A,#NAME?,#N/A,#N/A,#N/A,#NAME?,#N/A,#NAME?,#N/A,#N/A,#N/A,#N/A,#N/A,#N/A,#N/A,#N/A,#N/A,#N/A,#N/A
183,44303.57125,44303.57439,41.114.69.0,86,270,0,44306.5744,0,0,32,Woman,Zimbabwe ,No,No,0,Yes ,France 20% Russia 11% USA 9% Mexico 8% Turkey 6%,Happy ,No,Strongly Agree,Leon Stefan Bo Seng-Min Justino Tadeo,Sometimes,Waiting,France,20%,#N/A,#N/A,1,1,#N/A,#N/A,#N/A,#N/A,#N/A
184,44303.62856,44303.63176,41.144.72.243,79,275,0,44306.63177,0,0,22,Woman,South Africa ,No,Yes ,1,Yes ,"France (20%), Russia (11%), U.S. (9%), Mexico (8%), and Turkey (6%)",Happy ,No,Agree,"Leon Stefan, Bo Seong-Min, and Justino Tadeo that occurred on 4/14/21:",All the time,Looking,#N/A,#N/A,#N/A,#N/A,#N/A,#N/A,#N/A,#N/A,#N/A,#N/A,#N/A
185,44306.72498,44306.72736,73.16.20.31,100,206,1,44306.72737,42.33880615,-71.07260132,23,Woman,china,No,Yes ,0,Yes ,"France(20%), Russia(11%), US(9%), Mexico(8), and Turkey(6)",Happy ,Yes,Agree,"Leon Stefan, Bo song-min, Justino Tadeo, 4/14/21",Sometimes,look at this,France,20%,Bo Seong-Min,4/14/2021,1,1,1,1,4,2,T
186,44306.79369,44306.79829,49.216.148.54,100,397,1,44306.79829,24.93890381,121.5422058,17,Man,Taiwan (R. O. C.) ,No,Yes ,0,Yes ,France20% Russia11% U. S. 9% Mexico 8% Turkey 6%,Angry,No,Agree,4/14/21 Leon Stefan Justino Tadeo  Bo Seong-Min ,Sometimes,A question or a repulsion,France,20%,Bo Seong-Min,4/14/2021,1,1,1,1,4,2,T
187,44303.90678,44303.90731,216.99.154.181,64,46,0,44306.90733,0,0,0,Woman,USA,Yes,No,1,Yes ," France (20%), Russia (11%), U.S. (9%), Mexico (8%), and Turkey (6%)",Happy ,No,#N/A,0,#N/A,0,#N/A,#N/A,#N/A,#N/A,#N/A,#N/A,#N/A,#N/A,#N/A,#N/A,#N/A
188,44307.0085,44307.01233,73.47.19.121,100,330,1,44307.01234,42.34739685,-71.15820313,30,Man,South Korea,No,Yes ,0,Yes ,"France(20%), Russia(11%), U.S.(9%), Mexico(8%), Turkey(6%)",Happy ,No,Strongly Agree,"4/14/21, Leon Stefan, Bo Seong-Min, Justino Tadeo",Sometimes,Appealing your opinion,France,25%,Bo Seong-Min,4/14/2021,1,0,1,1,3,1,T
189,44307.0578,44307.06116,80.2.149.166,100,290,1,44307.06117,51.51130676,-0.271392822,35,Man,UK,Yes,No,0,Yes ,France 20% Russia 11% US 9% Mexico 8% Turkey 6%,Happy ,No,Agree,4/14/21 Leon Stefan Bo Seong-Min Justin Tadeo ,Sometimes,Inquisitive ,France,14%,Bo Seong-Min,4/14/2021,1,0,1,1,3,2,T
190,44304.08502,44304.0858,78.86.57.3,64,67,0,44307.08581,0,0,18,Woman,England ,Yes,Yes ,1,Yes ,"France (20%), Russia (11%), U.S. (9%), Mexico (8%), and Turkey (6%)",Happy ,Yes,#N/A,0,#N/A,0,#N/A,#N/A,#N/A,#N/A,#N/A,#N/A,#N/A,#N/A,#N/A,#N/A,#N/A
191,44304.23767,44304.25836,134.35.44.203,50,1786,0,44307.25836,0,0,30,Woman,yemen,No,Yes ,not assigned,#N/A,#NAME?,#N/A,#N/A,#N/A,#NAME?,#N/A,#NAME?,#N/A,#N/A,#N/A,#N/A,#N/A,#N/A,#N/A,#N/A,#N/A,#N/A,#N/A
192,44304.3222,44304.32242,65.158.55.35,50,18,0,44307.32242,0,0,16,Woman,America,Yes,Yes ,not assigned,#N/A,#NAME?,#N/A,#N/A,#N/A,#NAME?,#N/A,#NAME?,#N/A,#N/A,#N/A,#N/A,#N/A,#N/A,#N/A,#N/A,#N/A,#N/A,#N/A
193,44304.56128,44304.56153,176.250.4.66,50,21,0,44307.56154,0,0,0,#N/A,0,Yes,#N/A,not assigned,#N/A,#NAME?,#N/A,#N/A,#N/A,#NAME?,#N/A,#NAME?,#N/A,#N/A,#N/A,#N/A,#N/A,#N/A,#N/A,#N/A,#N/A,#N/A,#N/A
194,44304.66281,44304.66478,37.228.249.23,64,170,0,44307.66481,0,0,28,Man,Ireland,Yes,Yes ,0,Yes ,Us,Happy ,Yes,#N/A,0,#N/A,0,#N/A,#N/A,#N/A,#N/A,#N/A,#N/A,#N/A,#N/A,#N/A,#N/A,#N/A
195,44304.81001,44304.811,174.194.198.17,64,85,0,44307.81101,0,0,28,Woman,USA,Yes,Yes ,0,Yes ,"France 20,Russia 11, us 9, Mexico 8, turkey 6",Happy ,No,#N/A,0,#N/A,0,#N/A,#N/A,#N/A,#N/A,#N/A,#N/A,#N/A,#N/A,#N/A,#N/A,#N/A
